DB_ID,SAMPLE_ENA_AC,Sample_ID,Project_name,Submission_Batch_Name,Scientific_Name,Taxon_family,NCBI_ID,Herbarium_voucher,Plant_developmental_stage,Sampling_Collector,Sampling_Organisation,Sampling_date,Sampling_location,Sampling_location_x,Sampling_location_y,Extraction_code,Extract_weight_(mg),Extract_concentration,Sequencing_date,Sequencing_organization,Sequencing_ID
CAR000493,ERS8751730,493,PhyloAlps-Carpathians,Orthoskim,Androsace chamaejasme Wulfen,Primulaceae,175028,,living plant material,Jozef Sibik,"Institute of Botany, Bratislava",2016-08-20,"Malá Fatra, Malý Kriváň, Carpathians, Slovakia",19.0016166667,49.1874,S0981,8,21.3,2017-07-04,Genoscope,BGN_MVL
CAR003348,ERS8751738,3348,PhyloAlps-Carpathians,Orthoskim,Erica spiculifolia Salisb.,Ericaceae,49138,,living plant material,Bogdan Hurdu,Institute of Biological Research Cluj-Napoca,2015-06-20,"Cozia Mts., Durducu peak, 1512 m, Carpathians, Romania",24.342956,45.315898,48_A12,18,25.2,2016-06-30,Genoscope,BGN_LPE
CAR007199,ERS8751743,7199,PhyloAlps-Carpathians,Orthoskim,Primula elatior (L.) Hill subsp. intricata (Gren. & Godr.) Widmer,Primulaceae,1050975,,living plant material,Bogdan Hurdu,Institute of Biological Research Cluj-Napoca,2013-06-28,"Piatra Craiului Massif, under Ascuțit peak, 1750 m, Carpathians, Romania",25.226573,45.535243,51_G06,18,11.5,2017-02-16,Genoscope,BGN_MED
CAR007201,ERS8751749,7201,PhyloAlps-Carpathians,Orthoskim,Primula elatior (L.) Hill subsp. leucophylla (Pax) Hesl.-Harr. ex W.W.Sm. & H.R.Fletcher,Primulaceae,1049950,,living plant material,Liviu Filipas,Institute of Biological Research Cluj-Napoca,2011-07-01,"Ceahlău Mts, Toaka peak, 1850 m, Carpathians, Romania",25.949749,46.977013,51_H06,19,14.3,2017-02-16,Genoscope,BGN_MEE
CAR007374,ERS8751756,7374,PhyloAlps-Carpathians,Orthoskim,Pyrola carpatica Holub & Křísa,Ericaceae,1907910,,living plant material,Sibik J,Babeş Bolyai University,2016-08-20,"Malá Fatra, Chleb Peak, Carpathians, Slovakia",19.0515277778,49.1881944444,S1054,16,10.6,2017-07-04,Genoscope,BGN_NCK
CAR007612,ERS8751763,7612,PhyloAlps-Carpathians,Orthoskim,Rhododendron myrtifolium Schott & Kotschy,Ericaceae,1851392,,living plant material,"Pușcaș M., Geremia R., Choler P.","Babeş Bolyai University, Laboratoire d'Ecologie Alpine (LECA UMR 5553)",2007-07-23,"Făgăraș Mts., Vânătoarea lui Buteanu, 2394 m, Carpathians, Romania",24.6281666666667,45.6034333333333,51_F07,21,21.6,2017-02-16,Genoscope,BGN_MEH
CAR010045,ERS8751769,10045,PhyloAlps-Carpathians,Orthoskim,Soldanella hungarica Simonk.,Primulaceae,152121,,living plant material,"Pușcaș M., Geremia R., Choler P.","Babeş Bolyai University, Laboratoire d'Ecologie Alpine (LECA UMR 5553)",2007-07-23,"Romania (RO). Fagaras Mts., Paltinul Peak, 2404 m, Carpathians.",24.6071666666667,45.5983666666667,51_H09,23,21.8,2017-02-16,Genoscope,BGN_MFB
CLA000487,ERS8751776,487,PhyloAlps-clades,Orthoskim,Androsace laggeri A.Huet,Primulaceae,229439,,living plant material,Station Alpine Joseph Fourier (UMS 3370),Station Alpine Joseph Fourier (UMS 3370),2015-07-29,Hautes-Alpes (FR). Villar-dArène. Jardin alpin du Lautaret,NA,NA,S1569,18,,2020-01-07,Genoscope,BGN_QBW
CLA000498,ERS8751783,498,PhyloAlps-clades,Orthoskim,Androsace cylindrica DC. subsp. hirtella (Dufour) Greuter & Burdet,Primulaceae,522400,,living plant material,Cristina Roquet,Laboratoire d'Ecologie Alpine (LECA UMR 5553),2016,"Archerito, 1970 m., cave in a cliff, limestone",-0.7009331,42.8797458,S0834,7,1.26,2018-01-31,Genoscope,BGN_PBH
CLA000503,ERS8751791,503,PhyloAlps-clades,Orthoskim,Androsace delavayi Franch.,Primulaceae,229436,,living plant material,Station Alpine Joseph Fourier (UMS 3370),Station Alpine Joseph Fourier (UMS 3370),2015-07-29,Hautes-Alpes (FR). Villar-d'Arène. Jardin alpin du Lautaret,NA,NA,S0509,19,39.1,2016-06-30,Genoscope,BGN_LRM
CLA000506,ERS8751795,506,PhyloAlps-clades,Orthoskim,Androsace halleri L.,Primulaceae,229439,,living plant material,Petr Koutecký,University of South Bohemia,2016-06-08,Puy Mary,2.67336111,45.11194444,S0820,9,5.06,2017-07-04,Genoscope,BGN_NTD
CLA000545,ERS8751799,545,PhyloAlps-clades,Orthoskim,Androsace rioxana A.Segura,Primulaceae,229455,,living plant material,Provided by G. Schneeweiss,Laboratoire d'Ecologie Alpine (LECA UMR 5553),NA,"Pico San Lorenzo, La Rioja",-2.95,42.2333333,S0756,9,5.33,2017-07-04,Genoscope,BGN_NMF
CLA000566,ERS8751806,566,PhyloAlps-clades,Orthoskim,Androsace villosa L.,Primulaceae,229461,GR004633,living plant material,"Sébastien Lavergne,Jan Smycka, Cristina Roquet",Laboratoire d'Ecologie Alpine (LECA UMR 5553),2016-07-24,Portillón al Castillo de Acher (2200 m),-0.67502778,42.82136111,S0646,18,13.2,2017-02-16,Genoscope,BGN_MLB
CLA003043,ERS8751811,3043,PhyloAlps-clades,Orthoskim,Androsace americana Wendelbo,Primulaceae,229464,ALA[H1098072],herbarium sample,"C.L. Parker, J. Herriges",Museum - University of Alaska Fairbanks,2008-06-19,"Alaska (USA), Little Black River headwaters, W of Snowy Peak, 643m, rocky xeri slope, dolomite and shale",-143.04928333,65.596,S0829,26,5.58,2017-07-04,Genoscope,BGN_NTF
CLA003044,ERS8751818,3044,PhyloAlps-clades,Orthoskim,"Androsace beringensis (S.Kelso, Jurtzev & D.F.Murray) Cubey",Primulaceae,159001,ALA[H1223972],herbarium sample,"C.L. Parker, C. Roland, R. Lipkin",Museum - University of Alaska Fairbanks,1998-06-29,"Alaska (USA), Nulato Hills, Debauch Mtn, near summit, 730m",-159.88333333,64.51666667,S0830,18,21.2,2017-02-16,Genoscope,BGN_MNR
CLA003046,ERS8751827,3046,PhyloAlps-clades,Orthoskim,Androsace idahoensis (Douglass M.Hend.) Cubey,Primulaceae,229466,ID101353,herbarium sample,Michael Mancuso,Museum - University of Idaho,2006-07-07,"Idaho (USA), Boise National Forest, northerly aspect just below ridgecrest.",-115.741806,44.305361,S0836,21,8.87,2017-11-08,Genoscope,BGN_NMV
CLA007175,ERS8751835,7175,PhyloAlps-clades,Orthoskim,Primula apennina Widmer,Primulaceae,184172,GR003903,living plant material,"Jan Smyčka, Jana Pilatova, Monika Kolarova
",Laboratoire d'Ecologie Alpine (LECA UMR 5553),2016-08-18,Northern slope under summit of Orsaro,9.9912025,44.4101178,S0867,19,17.1,2017-02-16,Genoscope,BGN_MQE
CLA007187,ERS8751840,7187,PhyloAlps-clades,Orthoskim,Primula carniolica Jacq.,Primulaceae,184180,,living plant material,"Jan Smyčka, Marie Smyckova, Doubravka Pozarova",Laboratoire d'Ecologie Alpine (LECA UMR 5553),2016-07-01,Slovenia (SVN) . Rocks on banks of Divlje jezero.,14.0277525,45.9821922,S0868,23,18.1,2018-01-31,Genoscope,BGN_MQF
CLA007193,ERS8751844,7193,PhyloAlps-clades,Orthoskim,Primula deorum Velen.,Primulaceae,175056,GR003926,living plant material,"Jan Smyčka, Marie Smyckova, Doubravka Pozarova",Laboratoire d'Ecologie Alpine (LECA UMR 5553),2016-07-11,"by Dolnoto jezero, in the outlet under krummholz",23.326155,42.21262,S0870,21,13.3,2017-02-16,Genoscope,BGN_MQH
CLA007222,ERS8751852,7222,PhyloAlps-clades,Orthoskim,Primula kitaibeliana Schott,Primulaceae,184184,GR003915,living plant material,"Jan Smyčka, Marie Smyckova, Doubravka Pozarova",Laboratoire d'Ecologie Alpine (LECA UMR 5553),2016-07-02,Velebit (HR). 2 m under summit of Rujicin Kuk,15.1177117,44.56555,S0872,19,4.32,2017-11-08,Genoscope,BGN_NND
CLA008771,ERS8751856,8771,PhyloAlps-clades,Orthoskim,Soldanella carpatica Vierh.,Primulaceae,152119,,living plant material,Tomas Figura,"Charles University, Prague",2016-08-25,"Slovakia (SK). Siroke sedlo, Belianske Tatry.",20.21625,49.2407,S0905,18,10.8,2017-07-04,Genoscope,BGN_MRK
CLA010110,ERS8751863,10110,PhyloAlps-clades,Orthoskim,Soldanella alpina L.,Primulaceae,66308,ES8/5,living plant material,"Marek Slovak, Anna Guttova, Jaromir Kucera","Institute of Botany, Bratislava",2016,"Spain (ES), Western Pyrenees Mts., 1607 m.",-0.8046,42.9551,S0940,17,12,2017-07-04,Genoscope,BGN_MSK
CLA010117,ERS8751870,10117,PhyloAlps-clades,Orthoskim,Soldanella alpina L. subsp. cantabrica Kress.,Primulaceae,1924223,ES2/7,living plant material,"Marek Slovak, Anna Guttova, Jaromir Kucera","Institute of Botany, Bratislava",2016,"Spain (ES), Cordillera Cantabrica Mts., near Castro Valnera Mt., 1347 m.",-3.6541,43.1705,S1320,12,11,2017-12,Fasteris,GWM:1243
CLA010120,ERS8751876,10120,PhyloAlps-clades,Orthoskim,Soldanella angusta Li Bing Zhang,Primulaceae,152117,SK24/4,living plant material,Milan Valachovic,"Institute of Botany, Bratislava",2016,"Slovakia (SK), Vihorlatske vrchy Mts., Vihorlat Mt.,",22.1147,48.8922,S0945,5,56,2017-07-04,Genoscope,BGN_MSQ
CLA010124,ERS8751882,10124,PhyloAlps-clades,Orthoskim,Soldanella calabrella Kress,Primulaceae,152118,IT14/3,living plant material,Nicodemo Passalacqua,NA,2016,"Italy (IT), Sila Mts., along the road from M. Scuro village and M. Botte Donato village, 1763 m.",16.261,39.1721,S0947,11,38.6,2017-07-04,Genoscope,BGN_MSS
CLA010132,ERS8751889,10132,PhyloAlps-clades,Orthoskim,Soldanella chrysosticta Kress,Primulaceae,152120,BG4/9,living plant material,Marek Slovak,"Institute of Botany, Bratislava",2016,"Bulgaria (BG), Pirin Mts., on the way of the Banska village to the top of the Vihren Mt., 1912 m.",23.364,41.7745,S1323,3,20.4,2017-12,Fasteris,GWM:1245
CLA010150,ERS8751896,10150,PhyloAlps-clades,Orthoskim,Soldanella marmarossiensis Klast.,Primulaceae,152123,UA3/9,living plant material,"Eliska Stubnova, Iva Hodalova, Milan Valachovic",NA,2016,"Ukraine (UKR), Chornohora Mts., north slope of the Hutyn Tomnatyk Mt, 1750 m.",24.5554,48.0998,S0960,8,29.9,2017-07-04,Genoscope,BGN_MTK
FAM005627,ERS8751902,5627,PhyloAlps-outgroups,Orthoskim,Marcgravia sp.,Marcgraviaceae,1927906,,living plant material,Sébastien Lavergne,"Vascular plants collection MNHN, Paris",2015-10-05,Paris (FR). Muséum national d'Histoire naturelle. Jardin des Plantes.,NA,NA,52_D04,18,22.7,2017-02-16,Genoscope,BGN_MGS
PHA000447,ERS8751908,447,PhyloAlps,Orthoskim,Anagallis arvensis L.,Primulaceae,4337,GR004061,living plant material,Adrian Möhl,Info Flora,2009-09-07,Canton d'Argovie (CH). Klingnau. Bahnhof.,8.25670686273146,47.578728491448,06_G03,18,12.04,2014-10-01,Genoscope,BGN_NS
PHA000451,ERS8751915,451,PhyloAlps,Orthoskim,Anagallis minima (L.) E.H.L. Krause,Primulaceae,306292,,living plant material,Adrian Möhl,Info Flora,2012-08-03,Canton d'Argovie (CH). Boniswil. Untermoos.,8.19891484667355,47.3193664800353,42_H08,15,33.84,2016-01-14,Genoscope,BGN_IRD
PHA000453,ERS8751920,453,PhyloAlps,Orthoskim,Anagallis tenella (L.) L.,Primulaceae,85162,GR004190,living plant material,Adrian Möhl,Info Flora,2010-09-19,Canton de Vaud (CH). Lausanne. Jardin botanique. ,6.62426437524877,46.5148938418931,06_H03,14,10.68,2014-10-01,Genoscope,BGN_NT
PHA000470,ERS8751927,470,PhyloAlps,Orthoskim,Andromeda polifolia L.,Ericaceae,95630,GR004010,living plant material,Stefan Eggenberg,Info Flora,2009-06-16,Canton de Berne (CH). Thun District. Innereriz,7.83942909,46.7938641,03_B10,20,8.56,2013,BGI,RSZ:RSZAXPI001349-74
PHA000540,ERS8751937,540,PhyloAlps,Orthoskim,Androsace pubescens DC.,Primulaceae,229451,GR001625,living plant material,Jean-Charles Villaret,Conservatoire Botanique National Alpin (CBNA),2009-07-02,Isère (FR). Allemond.,6.00196499695489,45.1674659943599,00_P02,9,19.69,2012,Genoscope,NA
PHA000552,ERS8751946,552,PhyloAlps,Orthoskim,Androsace septentrionalis L.,Primulaceae,184985,GR000045,living plant material,"Laboratoire d'Ecologie Alpine (LECA UMR 5553), Conservatoire Botanique National Alpin (CBNA)","Laboratoire d'Ecologie Alpine (LECA UMR 5553), Conservatoire Botanique National Alpin (CBNA)",NA,Hautes-Alpes (FR). Ristolas.,6.96597999560711,44.7737399947227,05_H01,9,5.36,2014-10-29,Genoscope,BGN_IG
PHA000767,ERS8751952,767,PhyloAlps,Orthoskim,Arbutus unedo L.,Ericaceae,84005,GR000692,living plant material,"Laboratoire d'Ecologie Alpine (LECA UMR 5553), Conservatoire Botanique National Méditerranéen (CBNMed)","Laboratoire d'Ecologie Alpine (LECA UMR 5553), Conservatoire Botanique National Méditerranéen (CBNMed)",2009-06-11,Alpes-Maritimes (FR). Clans. ,7.1372028340803,44.0051959257581,45_E04,20,11,2016-01-27,Genoscope,BGN_KKG
PHA000781,ERS8751957,781,PhyloAlps,Orthoskim,Arctostaphylos uva-ursi (L.) Sprengel,Ericaceae,84009,GR001087,living plant material,"Laboratoire d'Ecologie Alpine (LECA UMR 5553), Conservatoire Botanique National Méditerranéen (CBNMed)","Laboratoire d'Ecologie Alpine (LECA UMR 5553), Conservatoire Botanique National Méditerranéen (CBNMed)",2009-06-09,Alpes-Maritimes (FR). Guillaumes. ,6.86906576207897,44.0794987096267,03_E03,19,21.32,2013,BGI,RSZ:RSZAXPI000940-64
PHA001461,ERS8751960,1461,PhyloAlps,Orthoskim,Calluna vulgaris (L.) Hull,Ericaceae,13385,GR001992,living plant material,"Laboratoire d'Ecologie Alpine (LECA UMR 5553), Station Alpine Joseph Fourier (UMS 3370)","Laboratoire d'Ecologie Alpine (LECA UMR 5553), Station Alpine Joseph Fourier (UMS 3370)",2009-04-30,Isère (FR). Seyssinet-Pariset. Les Vouillants,5.67904398827694,45.1838533169371,03_H02,18,13.6,2013,BGI,RSZ:RSZAXPI001450-44
PHA002728,ERS8751966,2728,PhyloAlps,Orthoskim,Cyclamen purpurascens Mill.,Primulaceae,87532,GR004388,living plant material,Adrian Möhl,Info Flora,2010-07-22,Canton du Tessin (CH). Rovio. Auf Weg zum Wasserfall. ,8.99525347271552,45.9325792257326,06_C06,17,41.2,2014-10-01,Genoscope,BGN_PP
PHA003225,ERS8751973,3225,PhyloAlps,Orthoskim,Empetrum nigrum L. subsp. hermaphroditum (Hagerup) Böcher,Ericaceae,199171,GR001764,living plant material,"Laboratoire d'Ecologie Alpine (LECA UMR 5553), Station Alpine Joseph Fourier (UMS 3370)","Laboratoire d'Ecologie Alpine (LECA UMR 5553), Station Alpine Joseph Fourier (UMS 3370)",2009-07-04,Hautes-Alpes (FR). Villard-d'Arène. Col du Lautaret.,6.40837733070351,45.0326204231669,26_B10,15,8.84,2016-01-14,Genoscope,BGN_HSG
PHA003227,ERS8751979,3227,PhyloAlps,Orthoskim,Empetrum nigrum L.,Ericaceae,191066,GR003520,living plant material,Sonia Latzin,"Swiss Federal Institute for Forest, Snow and Landscape Research (WSL)",2009-08-23,Steiermark (AT). Politischer Bezirk Leoben. Eisenerz,14.96532,47.53621,04_C02,18,6.56,2013,BGI,RSZ:RSZAXPI000830-22
PHA003341,ERS8751987,3341,PhyloAlps,Orthoskim,Erica arborea L.,Ericaceae,270431,,living plant material,Adrian Möhl,Info Flora,2012-04-28,Canton du Valais (CH). Brig. Achera Biela.,8.0129166825058,46.3193853932895,04_A05,19,5,2013,BGI,RSZ:RSZAXPI001351-80
PHA003342,ERS8751991,3342,PhyloAlps,Orthoskim,Erica herbacea L.,Ericaceae,185769,GR002577,living plant material,"Laboratoire d'Ecologie Alpine (LECA UMR 5553), Conservatoire Botanique National Méditerranéen (CBNMed)","Laboratoire d'Ecologie Alpine (LECA UMR 5553), Conservatoire Botanique National Méditerranéen (CBNMed)",NA,Alpes-Maritimes (FR). La Brigue.,7.5708667,44.0487,35_F06,22,20.96,2015-12-02,Genoscope,BGN_GTE
PHA003345,ERS8752002,3345,PhyloAlps,Orthoskim,Erica scoparia L.,Ericaceae,270444,GR001941,living plant material,Sébastien Lavergne,"Laboratoire d'Ecologie Alpine (LECA UMR 5553), Station Alpine Joseph Fourier (UMS 3370)",2009-05-04,Isère (FR). Gières. Campus universitaire. LECA,5.77719387687978,45.1933525663297,02_G11,18,11,2013,BGI,RSZ:RSZAXPI001341-40
PHA003350,ERS8752007,3350,PhyloAlps,Orthoskim,Erica tetralix L.,Ericaceae,49144,,living plant material,Sonja Wipf,"Swiss Federal Institute for Forest, Snow and Landscape Research (WSL)",2010-10-04,"Perth and Kinross, UK",-4.30138888888889,56.5213888888889,43_D09,22,7.04,2016-01-14,Genoscope,BGN_KBH
PHA004642,ERS8752015,4642,PhyloAlps,Orthoskim,Hottonia palustris L.,Primulaceae,175037,,living plant material,Gilles Pache ,Conservatoire Botanique National Alpin (CBNA),2010-09-03,"France (FR). Macon, Manziat.",4.92172,46.3618,S1317,16,26.5,2017-12,Fasteris,GWM:1240
PHA004756,ERS8752022,4756,PhyloAlps,Orthoskim,Impatiens balfourii Hooker fil.,Balsaminaceae,127121,GR003971,living plant material,Stefan Eggenberg,Info Flora,2009-08-08,Ticino (CH). Locarno District. Arcegno,8.74599671,46.1519124,13_D09,16,21.52,2015-03-18,Genoscope,BGN_BKS
PHA004757,ERS8752028,4757,PhyloAlps,Orthoskim,Impatiens balsamina L.,Balsaminaceae,63779,GR004115,living plant material,Adrian Möhl,Info Flora,2012-08-20,Deutschland (DE). München. Botanischer Garten.,11.500833,48.162421,29_G11,16,22.32,2015-06-11,Genoscope,BGN_EMI
PHA004762,ERS8752035,4762,PhyloAlps,Orthoskim,Impatiens noli-tangere L.,Balsaminaceae,127129,GR004923,living plant material,John Spillmann,"Swiss Federal Institute for Forest, Snow and Landscape Research (WSL)",2009-07-14,Kanton St. Gallen (CH). Wahlkreis Werdenberg. Sennwald,9.486972,47.265692,13_E09,6,7.64,2015-05-06,Genoscope,BGN_FGQ
PHA004764,ERS8752041,4764,PhyloAlps,Orthoskim,Impatiens parviflora DC.,Balsaminaceae,191132,GR002113,living plant material,Linda Feichtinger,"Swiss Federal Institute for Forest, Snow and Landscape Research (WSL)",2009-07-21,Kanton Aargau (CH). Bezirk Bremgarten. Widen,8.362814,47.372842,29_H11,18,32.88,2015-06-11,Genoscope,BGN_EMK
PHA005438,ERS8752048,5438,PhyloAlps,Orthoskim,Loiseleuria procumbens (L.) Loisel.,Ericaceae,45912,GR000789,living plant material,"Laboratoire d'Ecologie Alpine (LECA UMR 5553), Parc National des Ecrins","Laboratoire d'Ecologie Alpine (LECA UMR 5553), Parc National des Ecrins",NA,Isère (FR). Ornon. La Grenonière,5.95642790361496,45.0560571888614,03_C06,20,4.84,2013,BGI,RSZ:RSZAXPI001346-52
PHA005579,ERS8752054,5579,PhyloAlps,Orthoskim,Lysimachia nummularia L.,Primulaceae,175113,GR003599,living plant material,Stefan Eggenberg,Info Flora,2009-05-25,Canton de Berne (CH). Seeland District. Suberg,7.33318933,47.0637413,05_G12,20,20.24,2014-10-01,Genoscope,BGN_NA
PHA005583,ERS8752064,5583,PhyloAlps,Orthoskim,Lysimachia thyrsiflora L.,Primulaceae,174664,GR004266,living plant material,Stefan Eggenberg,Info Flora,2010-08-22,Kanton Zürich (CH). Bezirk Uster. Riedikon,8.70190685,47.3219545,06_F07,16,6.44,2014-10-01,Genoscope,BGN_PT
PHA005585,ERS8752075,5585,PhyloAlps,Orthoskim,Lysimachia vulgaris L.,Primulaceae,191068,GR001940,living plant material,Sébastien Lavergne,"Laboratoire d'Ecologie Alpine (LECA UMR 5553), Station Alpine Joseph Fourier (UMS 3370)",2009-05-04,Isère (FR). Gières. Campus universitaire. LECA,5.77719387687978,45.1933525663297,04_G11,9,12.68,2014-10-29,Genoscope,BGN_HR
PHA005879,ERS8752085,5879,PhyloAlps,Orthoskim,Moneses uniflora A. Gray,Ericaceae,93817,GR004050,living plant material,Adrian Möhl,Info Flora,2009-08-11,Canton des Grisons (CH). Zernez. Prasüra.,10.1115761232095,46.6895036715627,04_C06,19,20.64,2013,BGI,RSZ:RSZAXPI000854-80
PHA006313,ERS8752091,6313,PhyloAlps,Orthoskim,Orthilia secunda (L.) House,Ericaceae,93819,GR002180,living plant material,"John Spillmann, Linda Feichtinger","Swiss Federal Institute for Forest, Snow and Landscape Research (WSL)",2009-09-15,Canton du Valais (CH). Leuk District. Salgesch,7.579905,46.298289,04_A07,20,42,2013,BGI,RSZ:RSZAXPI000816-86
PHA007171,ERS8752097,7171,PhyloAlps,Orthoskim,Primula albenensis Banfi & Ferl. ,Primulaceae,184170,,living plant material,"Swiss Federal Institute for Forest, Snow and Landscape Research (WSL)","Swiss Federal Institute for Forest, Snow and Landscape Research (WSL)",NA,NA,NA,NA,06_D08,16,5.8,2014-10-01,Genoscope,BGN_QE
PHA007176,ERS8752103,7176,PhyloAlps,Orthoskim,Primula auricula L.,Primulaceae,184173,GR002465,living plant material,Jean-Charles Villaret,Conservatoire Botanique National Alpin (CBNA),2009-06-25,Isère (FR). Saint-Pierre-de-Chartreuse. Charmant Som,5.76240399709551,45.3208589948806,05_E07,19,7.56,2014-11-27,Genoscope,BGN_LF
PHA007194,ERS8752108,7194,PhyloAlps,Orthoskim,Primula elatior (L.) Hill,Primulaceae,1049949,GR002466,living plant material,Jean-Charles Villaret,Conservatoire Botanique National Alpin (CBNA),2010-05-05,Isère (FR). Bressieux.,5.27169,45.32,05_B10,16,13.12,2014-10-01,Genoscope,BGN_ME
PHA007211,ERS8752114,7211,PhyloAlps,Orthoskim,Primula hirsuta All.,Primulaceae,184183,GR001781,living plant material,Rolland Douzet,Station Alpine Joseph Fourier (UMS 3370),NA,Hautes-Alpes (FR). Villar-d'Arène. Pied du Col,6.359453,45.03147,05_B04,19,9.64,2014-10-29,Genoscope,BGN_KD
PHA007216,ERS8752119,7216,PhyloAlps,Orthoskim,Primula integrifolia L.,Primulaceae,175074,GR001530,living plant material,Jean-Charles Villaret,Conservatoire Botanique National Alpin (CBNA),2009-06-13,Isère (FR). Gresse-en-Vercors. Pierre Blanche,5.52213699356716,44.8902249969511,05_F07,17,22.8,2014-11-27,Genoscope,BGN_LG
PHA007223,ERS8752125,7223,PhyloAlps,Orthoskim,Primula latifolia Lapeyr.,Primulaceae,152139,GR002533,living plant material,Sébastien Lavergne,"Laboratoire d'Ecologie Alpine (LECA UMR 5553), Conservatoire Botanique National Méditerranéen (CBNMed)",NA,Bouches-du-Rhône (FR). Tende.,7.56330258781073,44.0895482963967,05_A09,18,13.48,2014-10-01,Genoscope,BGN_LS
PHA007237,ERS8752131,7237,PhyloAlps,Orthoskim,Primula recubariensis Prosser & Scorteg.,Primulaceae,184186,,living plant material,Adrian Möhl,Info Flora,2013-06-13,Vénétie (IT). Recoaro Terme. Rifugio Campogrosso.,11.15374,45.720916,S0406,19,7.98,2016-07-28,Genoscope,BGN_MBL
PHA007245,ERS8752137,7245,PhyloAlps,Orthoskim,Primula veris L.,Primulaceae,229532,GR002846,living plant material,Sébastien Lavergne,"Laboratoire d'Ecologie Alpine (LECA UMR 5553), Station Alpine Joseph Fourier (UMS 3370)",2009-05-04,Isère (FR). Gières. Campus universitaire. LECA,5.77719387687978,45.1933525663297,04_A11,17,16.92,2014-10-29,Genoscope,BGN_HP
PHA007247,ERS8752140,7247,PhyloAlps,Orthoskim,Primula villosa Wulfen,Primulaceae,184189,GR002196,living plant material,Sonia Latzin,"Swiss Federal Institute for Forest, Snow and Landscape Research (WSL)",2009-07-15,Steiermark (AT). Politischer Bezirk Murtal. Triebental,14.54267,47.35989,06_G02,19,8.6,2014-10-01,Genoscope,BGN_NM
PHA007377,ERS8752149,7377,PhyloAlps,Orthoskim,Pyrola chlorantha Swartz,Ericaceae,93824,GR003960,living plant material,Adrian Möhl,Info Flora,2009-08-11,Canton des Grisons (CH). Zernez. Prasüra.,10.1115761232095,46.6895036715627,03_G12,21,9.64,2013,BGI,RSZ:RSZAXPI001153-43
PHA007378,ERS8752156,7378,PhyloAlps,Orthoskim,Pyrola media Sw.,Ericaceae,642534,,living plant material,Alexis Mikolajczak ,Conservatoire Botanique National Alpin (CBNA),2009-07-13,NA,NA,NA,03_E07,20,22.64,2013,BGI,RSZ:RSZAXPI000961-101
PHA007382,ERS8752167,7382,PhyloAlps,Orthoskim,Pyrola minor L.,Ericaceae,93826,GR004553,living plant material,Adrian Möhl,Info Flora,2009-08-11,Canton des Grisons (CH). Zernez. Prasüra.,10.1115761232095,46.6895036715627,04_D07,19,16.36,2013,BGI,RSZ:RSZAXPI000819-89
PHA007385,ERS8752175,7385,PhyloAlps,Orthoskim,Pyrola rotundifolia L.,Ericaceae,13651,GR003749,living plant material,Stefan Eggenberg,Info Flora,2009-07-20,Canton de Berne (CH). Obersimmental-Saanen District. Lenk im Simmental,7.44904526,46.403258,04_A01,20,7.04,2013,BGI,RSZ:RSZAXPI000824-16
PHA007604,ERS8752183,7604,PhyloAlps,Orthoskim,Rhododendron ferrugineum L.,Ericaceae,49622,GR001317,living plant material,"Laboratoire d'Ecologie Alpine (LECA UMR 5553), Station Alpine Joseph Fourier (UMS 3370)","Laboratoire d'Ecologie Alpine (LECA UMR 5553), Station Alpine Joseph Fourier (UMS 3370)",2009-07-04,Hautes-Alpes (FR). Villard-d'Arène. Col du Lautaret.,6.40837733070351,45.0326204231669,03_A06,20,16.4,2013,BGI,RSZ:RSZAXPI000954-94
PHA007607,ERS8752188,7607,PhyloAlps,Orthoskim,Rhododendron hirsutum L.,Ericaceae,516007,GR003826,living plant material,Stefan Eggenberg,Info Flora,2009-06-05,"Canton de Berne (CH), Kandersteg, Stock",7.64787336507842,46.4574054825335,04_C01,20,5.28,2014-11-27,Genoscope,BGN_HD
PHA007610,ERS8752195,7610,PhyloAlps,Orthoskim,Rhododendron luteum Sweet,Ericaceae,49467,,living plant material,Sonia Latzin,"Swiss Federal Institute for Forest, Snow and Landscape Research (WSL)",2011-05-03,"Wien (AT). Politischer Bezirk Wien (Stadt). Wien, Landstraße",16.3841,48.19347,37_A11,21,9.8,2015-12-02,Genoscope,BGN_HLB
PHA007614,ERS8752202,7614,PhyloAlps,Orthoskim,Rhodothamnus chamaecistus (L.) Rchb.,Ericaceae,45907,GR004342,living plant material,Adrian Möhl,Info Flora,2010-08-04,"Dolomites (IT). Lagozuoi, Col du Bos.",12.064176,46.545698,04_F07,20,8.32,2013,BGI,RSZ:RSZAXPI000820-90
PHA007921,ERS8752208,7921,PhyloAlps,Orthoskim,Samolus valerandi L.,Primulaceae,59985,,living plant material,Jérémie Van Es,Conservatoire Botanique National Alpin (CBNA),2010-09-10,Hautes-Alpes (FR). Monêtier-Allemont. ,5.957983,44.39727,05_C10,18,4.8,2014-10-01,Genoscope,BGN_MF
PHA009300,ERS8752215,9300,PhyloAlps,Orthoskim,Lysimachia europaea (L.) U.Manns & Anderb.,Primulaceae,59991,GR004469,living plant material,Adrian Möhl,Info Flora,2010-07-04,Canton des Grisons (CH). Cavaglio. Cavaligliola.,10.0463886814162,46.3511201478274,06_G11,9,5.24,2014-10-01,Genoscope,BGN_QT
PHA009498,ERS8752222,9498,PhyloAlps,Orthoskim,Vaccinium uliginosum L.,Ericaceae,1395552,GR001763,living plant material,"Laboratoire d'Ecologie Alpine (LECA UMR 5553), Station Alpine Joseph Fourier (UMS 3370)","Laboratoire d'Ecologie Alpine (LECA UMR 5553), Station Alpine Joseph Fourier (UMS 3370)",2009-07-04,Hautes-Alpes (FR). Villard-d'Arène. Col du Lautaret.,6.40837733070351,45.0326204231669,27_G07,19,11.4,2015-03-19,Genoscope,BGN_EAP
PHA009500,ERS8752228,9500,PhyloAlps,Orthoskim,Vaccinium microcarpum (Turcz. ex Rupr.) Schmalh.,Ericaceae,669730,,living plant material,Adrian Möhl,Info Flora,2009-07-22,Canton de Lucerne (CH). Escholzmatt. Unterhalb Salwideli.,7.99596122917262,46.8217550586403,46_D12,13,11.4,2016-01-27,Genoscope,BGN_KTN
PHA009504,ERS8752234,9504,PhyloAlps,Orthoskim,Vaccinium oxycoccos L.,Ericaceae,516948,GR004051,living plant material,Stefan Eggenberg,Info Flora,2009-06-16,Canton de Berne (CH). Thun District. Innereriz,7.83942909,46.7938641,15_A07,17,5.52,2016-07-28,Genoscope,BGN_LTC
PHA009507,ERS8752241,9507,PhyloAlps,Orthoskim,Vaccinium vitis-idaea L.,Ericaceae,180772,GR000589,living plant material,"Laboratoire d'Ecologie Alpine (LECA UMR 5553), Station Alpine Joseph Fourier (UMS 3370)","Laboratoire d'Ecologie Alpine (LECA UMR 5553), Station Alpine Joseph Fourier (UMS 3370)",2009-06-02,Isère (FR). Vaulnaveys-le-Bas. Lac Luitel.,5.84882686068888,45.0899025553384,03_D03,15,24.2,2013,BGI,RSZ:RSZAXPI000939-53
PHA010070,ERS8752247,10070,PhyloAlps,Orthoskim,Vaccinium myrtillus L.,Ericaceae,180763,GR004688,living plant material,Adrian Möhl,Info Flora,2009-08-05,"Canton de Berne (CH), Brienz, Axalp, Hinterburgseeli",8.06616270029608,46.719521037444,S0119,23,11.2,2016-06-30,Genoscope,BGN_LQB
PHA010691,ERS8752253,10691,PhyloAlps,Orthoskim,"Androsace delphinensis Dentant, Lavergne, F.C. Boucher & S. Ibanez",Primulaceae,2887336,,living plant material,"Cédric Dentant, Sébastien Ibanez",Parc National des Ecrins,NA,"Barre des Ecrins, Pilier Sud, 3260m",6.3626445,44.9201664,53_E01,19.5,24.2,2019-12-10,Genoscope,BGN_PXJ
PHP010511,ERS8752260,10511,PhyloAlps-Pyrenees,Orthoskim,Daboecia cantabrica (Huds.) K. Koch,Ericaceae,13479,,living plant material,NA,PhyloAlps project,2016-10-31,NA,NA,NA,S1272,20,4.12,2019-12-10,Genoscope,BGN_PWH
PHT010327,ERS8752263,10327,PhyloAlps-Toulouse,Orthoskim,Arbutus unedo L.,Ericaceae,84005,,living plant material,University of Toulouse,University of Toulouse,NA,NA,NA,NA,ARB-TLS1,,2.71,2017-07-19,Genoscope,BGN_PFK
